{
	"system" : {
		"platform" : "linux64",
		"os_name" : "Ubuntu 17.04",
		"os_version" : "17"
	},
	"error" : {
		"executable" : "quartus_sta",
		"comment" : "none",
		"error_message" : "Segment Violation at 0x30",
		"source_file" : "unknown",
		"line" : "0",
		"stack_trace" : "\t0x7fc7cbb28077: tsm_tdb + 0x57077 (_ZN11TDB_NETLIST41initialize_tdb_node_pointer_to_atom_otermEP16CDB_ATOM_NETLIST + 0x3c9)\n\t0x7fc7cbb22271: tsm_tdb + 0x51271 (_ZN11TDB_MANAGER26read_tdb_netlist_from_diskEv + 0x93)\n\t0x7fc7cc2b7c8c: tsm_sta + 0x28bc8c (_Z28sta_build_and_preprocess_tdbP10CMP_FACADEP16CDB_ATOM_NETLISTbbb + 0x6ac)\n\t0x7fc7cc141dbc: tsm_sta + 0x115dbc (_Z21sta_build_tdb_netlistP17CDB_CHIP_DB_ENTRYbbbb + 0x3f)\n\t0x7fc7cc142d36: tsm_sta + 0x116d36 (sta_create_timing_netlist + 0xd45)\n\t0x7fc799532ec7: tcl8.6 + 0x51ec7 (TclNRRunCallbacks + 0x47)\n\t0x7fc7995346e7: tcl8.6 + 0x536e7 (TclEvalEx + 0x947)\n\t0x7fc7995dc366: tcl8.6 + 0xfb366 (Tcl_FSEvalFileEx + 0x266)\n\t0x7fc7995dc47e: tcl8.6 + 0xfb47e (Tcl_EvalFile + 0x2e)\n\t0x7fc7b8b3d07a: comp_qexe + 0x1807a (_ZL24qexe_evaluate_tcl_scriptRKSbIcSt11char_traitsIcE17MEM_STL_ALLOCATORIcEE + 0x382)\n\t0x7fc7b8b415c7: comp_qexe + 0x1c5c7 (_ZL11qexe_do_tclP14QEXE_FRAMEWORKRKSbIcSt11char_traitsIcE17MEM_STL_ALLOCATORIcEES7_RKSt4listIS5_S3_IS5_EEbb + 0x58c)\n\t0x7fc7b8b4260c: comp_qexe + 0x1d60c (_Z19qexe_run_tcl_optionP14QEXE_FRAMEWORKPKcPSt4listISbIcSt11char_traitsIcE17MEM_STL_ALLOCATORIcEES6_IS8_EEb + 0x5c7)\n\t0x7fc7c63b1e86: comp_qcu + 0x51e86 (_Z18qcu_run_tcl_optionP13QCU_FRAMEWORKPKcPSt4listISbIcSt11char_traitsIcE17MEM_STL_ALLOCATORIcEES6_IS8_EEb + 0xbfc)\n\t0x7fc7b8b44eb7: comp_qexe + 0x1feb7 (_Z18qexe_standard_mainP14QEXE_FRAMEWORKPPK22QEXE_OPTION_DEFINITIONiPPKc + 0x69d)\n\t   0x421a0a: quartus_sta + 0x21a0a (_Z9qsta_mainiPPKc + 0xaa)\n\t0x7fc79e384ef0: ccl_msg + 0x49ef0 (_Z15msg_main_threadPv + 0x10)\n\t0x7fc79b6ced4c: ccl_thr + 0x5d4c (thr_final_wrapper + 0xc)\n\t0x7fc79e384fa5: ccl_msg + 0x49fa5 (_Z18msg_thread_wrapperPFPvS_ES_ + 0x5b)\n\t   0x43680b: quartus_sta + 0x3680b (_Z18mem_thread_wrapperPFPvS_ES_ + 0x9b)\n\t0x7fc79bb09def: ccl_err + 0x8def (_Z18err_thread_wrapperPFPvS_ES_ + 0x27)\n\t0x7fc79b6cf112: ccl_thr + 0x6112 (thr_thread_wrapper + 0x15)\n\t0x7fc79e386ee2: ccl_msg + 0x4bee2 (_Z12msg_exe_mainiPPKcPFiiS1_E + 0xa3)\n\t0x7fc7965b73f1: c.so.6 + 0x203f1 (__libc_start_main + 0xf1)\n\t   0x412921: quartus_sta + 0x12921\n",
		"subsystem" : "unknown"
	},
	"quartus" : {
		"quartus_bits" : "64",
		"version" : "15.0.0",
		"build" : "145",
		"edition" : "Web Edition"
	}
}