<?xml version="1.0"?>
<!--Created by Liquid XML 2008 (www.liquid-technologies.com) for Altera-->
<ProgramExecution xmlns:xs="http://www.w3.org/2001/XMLSchema-instance">
	<QuartusExecution>
		<AddressBits>64</AddressBits>
		<ApplicationError>
		<Bits>64</Bits>
		<CommandLine>quartus_sta DE0_NANO_camera -c DE0_NANO_camera</CommandLine>
		<ErrorMessage>Segment Violation at 0x30</ErrorMessage>
		<Line>0</Line>
		<Platform>linux</Platform>
		<SourceFile>unknown</SourceFile>
		<StackTrace>
	0x7fc7cbb28077: tsm_tdb + 0x57077 (_ZN11TDB_NETLIST41initialize_tdb_node_pointer_to_atom_otermEP16CDB_ATOM_NETLIST + 0x3c9)
	0x7fc7cbb22271: tsm_tdb + 0x51271 (_ZN11TDB_MANAGER26read_tdb_netlist_from_diskEv + 0x93)
	0x7fc7cc2b7c8c: tsm_sta + 0x28bc8c (_Z28sta_build_and_preprocess_tdbP10CMP_FACADEP16CDB_ATOM_NETLISTbbb + 0x6ac)
	0x7fc7cc141dbc: tsm_sta + 0x115dbc (_Z21sta_build_tdb_netlistP17CDB_CHIP_DB_ENTRYbbbb + 0x3f)
	0x7fc7cc142d36: tsm_sta + 0x116d36 (sta_create_timing_netlist + 0xd45)
	0x7fc799532ec7: tcl8.6 + 0x51ec7 (TclNRRunCallbacks + 0x47)
	0x7fc7995346e7: tcl8.6 + 0x536e7 (TclEvalEx + 0x947)
	0x7fc7995dc366: tcl8.6 + 0xfb366 (Tcl_FSEvalFileEx + 0x266)
	0x7fc7995dc47e: tcl8.6 + 0xfb47e (Tcl_EvalFile + 0x2e)
	0x7fc7b8b3d07a: comp_qexe + 0x1807a (_ZL24qexe_evaluate_tcl_scriptRKSbIcSt11char_traitsIcE17MEM_STL_ALLOCATORIcEE + 0x382)
	0x7fc7b8b415c7: comp_qexe + 0x1c5c7 (_ZL11qexe_do_tclP14QEXE_FRAMEWORKRKSbIcSt11char_traitsIcE17MEM_STL_ALLOCATORIcEES7_RKSt4listIS5_S3_IS5_EEbb + 0x58c)
	0x7fc7b8b4260c: comp_qexe + 0x1d60c (_Z19qexe_run_tcl_optionP14QEXE_FRAMEWORKPKcPSt4listISbIcSt11char_traitsIcE17MEM_STL_ALLOCATORIcEES6_IS8_EEb + 0x5c7)
	0x7fc7c63b1e86: comp_qcu + 0x51e86 (_Z18qcu_run_tcl_optionP13QCU_FRAMEWORKPKcPSt4listISbIcSt11char_traitsIcE17MEM_STL_ALLOCATORIcEES6_IS8_EEb + 0xbfc)
	0x7fc7b8b44eb7: comp_qexe + 0x1feb7 (_Z18qexe_standard_mainP14QEXE_FRAMEWORKPPK22QEXE_OPTION_DEFINITIONiPPKc + 0x69d)
	   0x421a0a: quartus_sta + 0x21a0a (_Z9qsta_mainiPPKc + 0xaa)
	0x7fc79e384ef0: ccl_msg + 0x49ef0 (_Z15msg_main_threadPv + 0x10)
	0x7fc79b6ced4c: ccl_thr + 0x5d4c (thr_final_wrapper + 0xc)
	0x7fc79e384fa5: ccl_msg + 0x49fa5 (_Z18msg_thread_wrapperPFPvS_ES_ + 0x5b)
	   0x43680b: quartus_sta + 0x3680b (_Z18mem_thread_wrapperPFPvS_ES_ + 0x9b)
	0x7fc79bb09def: ccl_err + 0x8def (_Z18err_thread_wrapperPFPvS_ES_ + 0x27)
	0x7fc79b6cf112: ccl_thr + 0x6112 (thr_thread_wrapper + 0x15)
	0x7fc79e386ee2: ccl_msg + 0x4bee2 (_Z12msg_exe_mainiPPKcPFiiS1_E + 0xa3)
	0x7fc7965b73f1: c.so.6 + 0x203f1 (__libc_start_main + 0xf1)
	   0x412921: quartus_sta + 0x12921
		</StackTrace>
		<Subsystem>unknown</Subsystem>
	</ApplicationError>
	<Compilation>
			<CompileID>0.149433400903875</CompileID>
			<DeviceFamily>Cyclone IV E</DeviceFamily>
			<IncrementalCompilation>FULL_INCREMENTAL_COMPILATION</IncrementalCompilation>
			<TopLevelEntityName>camera</TopLevelEntityName>
		</Compilation>
		<DateInvoked>2017/05/09 13:51:21</DateInvoked>
		<ElapsedTime>1</ElapsedTime>
		<IP>127.0.1.1</IP>
		<IsInternal>false</IsInternal>
		<IsQt>false</IsQt>
		<License>
			<Edition>Web Edition</Edition>
			<LicenseHostID/>
		</License>
		<Machine>
			<CPUCountLogical>4</CPUCountLogical>
			<CPUCountPhysical>1</CPUCountPhysical>
			<CPUSpeed>100</CPUSpeed>
			<Hostname>BINKY</Hostname>
			<OS>Ubuntu 17.04</OS>
			<OSAddressBits>64</OSAddressBits>
			<OSVersion>17</OSVersion>
			<Platform>linux</Platform>
			<ScreenResolution>unknown</ScreenResolution>
			<TotalPhysicalRAM>15905</TotalPhysicalRAM>
			<TotalVirtualRAM>16239</TotalVirtualRAM>
		</Machine>
		<Name>quartus_sta</Name>
		<PeakMemoryUsed>0</PeakMemoryUsed>
		<ProjectRevision>
			<ProjectName>DE0_NANO_camera</ProjectName>
			<Revision>DE0_NANO_camera</Revision>
		</ProjectRevision>
		<QuartusInstallation>
			<InstallationID>0.148646169900533</InstallationID>
			<Version>
				<Build>145</Build>
				<BuildSite>SJ</BuildSite>
				<BuildSuffix/>
				<Edition>Web Edition</Edition>
				<ServicePack>0</ServicePack>
				<VersionNumber>15</VersionNumber>
			</Version>
		</QuartusInstallation>
		<QuartusUser>
			<AlteraUserName/>
			<FAEContactName/>
			<TalkbackStatus>
				<DateSet/>
				<TalkbackOn>true</TalkbackOn>
			</TalkbackStatus>
			<UserID>0.148847535620779</UserID>
			<UserName>root</UserName>
		</QuartusUser>
	</QuartusExecution>
	<SchemaVersion>schema_2013-01-18</SchemaVersion>
</ProgramExecution>

