{
	"partitions" : [
		{
			"name" : "Top",
			"pins" : [
				{
					"name" : "CAM_RESET",
					"strict" : false
				},
				{
					"name" : "I2C_SCK",
					"strict" : false
				},
				{
					"name" : "dirwheela",
					"strict" : false
				},
				{
					"name" : "pwmwheela",
					"strict" : false
				},
				{
					"name" : "pwmwheelb",
					"strict" : false
				},
				{
					"name" : "LED[7]",
					"strict" : false
				},
				{
					"name" : "LED[6]",
					"strict" : false
				},
				{
					"name" : "LED[5]",
					"strict" : false
				},
				{
					"name" : "LED[4]",
					"strict" : false
				},
				{
					"name" : "LED[3]",
					"strict" : false
				},
				{
					"name" : "LED[2]",
					"strict" : false
				},
				{
					"name" : "LED[1]",
					"strict" : false
				},
				{
					"name" : "LED[0]",
					"strict" : false
				},
				{
					"name" : "I2C_SDA",
					"strict" : false
				},
				{
					"name" : "CLOCK_50",
					"strict" : false
				},
				{
					"name" : "pixel[0]",
					"strict" : false
				},
				{
					"name" : "pixel[1]",
					"strict" : false
				},
				{
					"name" : "pixel[2]",
					"strict" : false
				},
				{
					"name" : "pixel[3]",
					"strict" : false
				},
				{
					"name" : "pixel[4]",
					"strict" : false
				},
				{
					"name" : "pixel[5]",
					"strict" : false
				},
				{
					"name" : "pixel[6]",
					"strict" : false
				},
				{
					"name" : "pixel[7]",
					"strict" : false
				},
				{
					"name" : "KEY[1]",
					"strict" : false
				},
				{
					"name" : "HREF",
					"strict" : false
				},
				{
					"name" : "KEY[0]",
					"strict" : false
				},
				{
					"name" : "VSYNC",
					"strict" : false
				},
				{
					"name" : "altera_reserved_tms",
					"strict" : false
				},
				{
					"name" : "altera_reserved_tck",
					"strict" : false
				},
				{
					"name" : "altera_reserved_tdi",
					"strict" : false
				},
				{
					"name" : "altera_reserved_tdo",
					"strict" : false
				}
			]
		}
	]
}